input_file,reaction,type,method,E_lab_MeV,Q_MeV,sigma_tot_mb,products
4He_p_p_2d_10.0MeV.out,he4_p_p_2d,multi_body,multibody_flat,10.0,-23.846478507633616,668178064022.3079,d;p
4He_p_p_2d_100.0MeV.out,he4_p_p_2d,multi_body,multibody_flat,100.0,-23.846478507633616,6681780846.018814,d;p
4He_p_p_2d_105.0MeV.out,he4_p_p_2d,multi_body,multibody_flat,105.0,-23.846478507633616,6060297720.259161,d;p
4He_p_p_2d_110.0MeV.out,he4_p_p_2d,multi_body,multibody_flat,110.0,-23.846478507633616,5522061756.492808,d;p
4He_p_p_2d_115.0MeV.out,he4_p_p_2d,multi_body,multibody_flat,115.0,-23.846478507633616,5052241563.844901,d;p
4He_p_p_2d_120.0MeV.out,he4_p_p_2d,multi_body,multibody_flat,120.0,-23.846478507633616,4640072423.396524,d;p
4He_p_p_2d_125.0MeV.out,he4_p_p_2d,multi_body,multibody_flat,125.0,-23.846478507633616,4276272754.955965,d;p
4He_p_p_2d_130.0MeV.out,he4_p_p_2d,multi_body,multibody_flat,130.0,-23.846478507633616,3953666079.050051,d;p
4He_p_p_2d_135.0MeV.out,he4_p_p_2d,multi_body,multibody_flat,135.0,-23.846478507633616,3666224152.6341715,d;p
4He_p_p_2d_140.0MeV.out,he4_p_p_2d,multi_body,multibody_flat,140.0,-23.846478507633616,3409019126.995403,d;p
4He_p_p_2d_145.0MeV.out,he4_p_p_2d,multi_body,multibody_flat,145.0,-23.846478507633616,3177984330.1405654,d;p
4He_p_p_2d_15.0MeV.out,he4_p_p_2d,multi_body,multibody_flat,15.0,-23.846478507633616,296967497324.665,d;p
4He_p_p_2d_150.0MeV.out,he4_p_p_2d,multi_body,multibody_flat,150.0,-23.846478507633616,2969627208.6989617,d;p
4He_p_p_2d_155.0MeV.out,he4_p_p_2d,multi_body,multibody_flat,155.0,-23.846478507633616,2781125013.9607496,d;p
4He_p_p_2d_160.0MeV.out,he4_p_p_2d,multi_body,multibody_flat,160.0,-23.846478507633616,2610037743.0485554,d;p
4He_p_p_2d_165.0MeV.out,he4_p_p_2d,multi_body,multibody_flat,165.0,-23.846478507633616,2454260295.2041354,d;p
4He_p_p_2d_170.0MeV.out,he4_p_p_2d,multi_body,multibody_flat,170.0,-23.846478507633616,2311974628.942179,d;p
4He_p_p_2d_175.0MeV.out,he4_p_p_2d,multi_body,multibody_flat,175.0,-23.846478507633616,2181745448.2686734,d;p
4He_p_p_2d_180.0MeV.out,he4_p_p_2d,multi_body,multibody_flat,180.0,-23.846478507633616,2062233143.6677754,d;p
4He_p_p_2d_185.0MeV.out,he4_p_p_2d,multi_body,multibody_flat,185.0,-23.846478507633616,1952289478.5958498,d;p
4He_p_p_2d_190.0MeV.out,he4_p_p_2d,multi_body,multibody_flat,190.0,-23.846478507633616,1850861902.5927587,d;p
4He_p_p_2d_195.0MeV.out,he4_p_p_2d,multi_body,multibody_flat,195.0,-23.846478507633616,1757184924.4935515,d;p
4He_p_p_2d_20.0MeV.out,he4_p_p_2d,multi_body,multibody_flat,20.0,-23.846478507633616,167044516669.0737,d;p
4He_p_p_2d_200.0MeV.out,he4_p_p_2d,multi_body,multibody_flat,200.0,-23.846478507633616,1670397366.7566392,d;p
4He_p_p_2d_205.0MeV.out,he4_p_p_2d,multi_body,multibody_flat,205.0,-23.846478507633616,1589925110.9440677,d;p
4He_p_p_2d_210.0MeV.out,he4_p_p_2d,multi_body,multibody_flat,210.0,-23.846478507633616,1515098352.430026,d;p
4He_p_p_2d_215.0MeV.out,he4_p_p_2d,multi_body,multibody_flat,215.0,-23.846478507633616,1445438659.1791549,d;p
4He_p_p_2d_220.0MeV.out,he4_p_p_2d,multi_body,multibody_flat,220.0,-23.846478507633616,1380515442.4177186,d;p
4He_p_p_2d_225.0MeV.out,he4_p_p_2d,multi_body,multibody_flat,225.0,-23.846478507633616,1319850270.179366,d;p
4He_p_p_2d_230.0MeV.out,he4_p_p_2d,multi_body,multibody_flat,230.0,-23.846478507633616,1263060396.7493806,d;p
4He_p_p_2d_235.0MeV.out,he4_p_p_2d,multi_body,multibody_flat,235.0,-23.846478507633616,1209906606.4275055,d;p
4He_p_p_2d_240.0MeV.out,he4_p_p_2d,multi_body,multibody_flat,240.0,-23.846478507633616,1160006153.5073035,d;p
4He_p_p_2d_245.0MeV.out,he4_p_p_2d,multi_body,multibody_flat,245.0,-23.846478507633616,1113119822.0065124,d;p
4He_p_p_2d_25.0MeV.out,he4_p_p_2d,multi_body,multibody_flat,25.0,-23.846478507633616,106910404713.80745,d;p
4He_p_p_2d_250.0MeV.out,he4_p_p_2d,multi_body,multibody_flat,250.0,-23.846478507633616,1069056239.1355873,d;p
4He_p_p_2d_255.0MeV.out,he4_p_p_2d,multi_body,multibody_flat,255.0,-23.846478507633616,1027528345.729063,d;p
4He_p_p_2d_260.0MeV.out,he4_p_p_2d,multi_body,multibody_flat,260.0,-23.846478507633616,988392612.1507081,d;p
4He_p_p_2d_265.0MeV.out,he4_p_p_2d,multi_body,multibody_flat,265.0,-23.846478507633616,951457665.7140751,d;p
4He_p_p_2d_270.0MeV.out,he4_p_p_2d,multi_body,multibody_flat,270.0,-23.846478507633616,916532133.5958498,d;p
4He_p_p_2d_275.0MeV.out,he4_p_p_2d,multi_body,multibody_flat,275.0,-23.846478507633616,883520329.4056653,d;p
4He_p_p_2d_280.0MeV.out,he4_p_p_2d,multi_body,multibody_flat,280.0,-23.846478507633616,852230880.369278,d;p
4He_p_p_2d_285.0MeV.out,he4_p_p_2d,multi_body,multibody_flat,285.0,-23.846478507633616,822615943.2540873,d;p
4He_p_p_2d_290.0MeV.out,he4_p_p_2d,multi_body,multibody_flat,290.0,-23.846478507633616,794484145.290053,d;p
4He_p_p_2d_295.0MeV.out,he4_p_p_2d,multi_body,multibody_flat,295.0,-23.846478507633616,767787643.3946362,d;p
4He_p_p_2d_30.0MeV.out,he4_p_p_2d,multi_body,multibody_flat,30.0,-23.846478507633616,74243071052.87105,d;p
4He_p_p_2d_300.0MeV.out,he4_p_p_2d,multi_body,multibody_flat,300.0,-23.846478507633616,742382907.9171124,d;p
4He_p_p_2d_305.0MeV.out,he4_p_p_2d,multi_body,multibody_flat,305.0,-23.846478507633616,718269938.8574674,d;p
4He_p_p_2d_310.0MeV.out,he4_p_p_2d,multi_body,multibody_flat,310.0,-23.846478507633616,695257363.4504323,d;p
4He_p_p_2d_315.0MeV.out,he4_p_p_2d,multi_body,multibody_flat,315.0,-23.846478507633616,673345181.6975473,d;p
4He_p_p_2d_320.0MeV.out,he4_p_p_2d,multi_body,multibody_flat,320.0,-23.846478507633616,652485550.4101261,d;p
4He_p_p_2d_325.0MeV.out,he4_p_p_2d,multi_body,multibody_flat,325.0,-23.846478507633616,632582783.1689159,d;p
4He_p_p_2d_330.0MeV.out,he4_p_p_2d,multi_body,multibody_flat,330.0,-23.846478507633616,613541193.6666219,d;p
4He_p_p_2d_335.0MeV.out,he4_p_p_2d,multi_body,multibody_flat,335.0,-23.846478507633616,595360781.8715627,d;p
4He_p_p_2d_340.0MeV.out,he4_p_p_2d,multi_body,multibody_flat,340.0,-23.846478507633616,577993704.5952039,d;p
4He_p_p_2d_345.0MeV.out,he4_p_p_2d,multi_body,multibody_flat,345.0,-23.846478507633616,561344275.4576691,d;p
4He_p_p_2d_35.0MeV.out,he4_p_p_2d,multi_body,multibody_flat,35.0,-23.846478507633616,54546027572.12328,d;p
4He_p_p_2d_350.0MeV.out,he4_p_p_2d,multi_body,multibody_flat,350.0,-23.846478507633616,545412494.4624959,d;p
4He_p_p_2d_355.0MeV.out,he4_p_p_2d,multi_body,multibody_flat,355.0,-23.846478507633616,530150518.3914542,d;p
4He_p_p_2d_360.0MeV.out,he4_p_p_2d,multi_body,multibody_flat,360.0,-23.846478507633616,515558347.2512288,d;p
4He_p_p_2d_365.0MeV.out,he4_p_p_2d,multi_body,multibody_flat,365.0,-23.846478507633616,501492451.55654967,d;p
4He_p_p_2d_370.0MeV.out,he4_p_p_2d,multi_body,multibody_flat,370.0,-23.846478507633616,488048517.6388115,d;p
4He_p_p_2d_375.0MeV.out,he4_p_p_2d,multi_body,multibody_flat,375.0,-23.846478507633616,475111721.83986604,d;p
4He_p_p_2d_380.0MeV.out,he4_p_p_2d,multi_body,multibody_flat,380.0,-23.846478507633616,462691632.8020685,d;p
4He_p_p_2d_385.0MeV.out,he4_p_p_2d,multi_body,multibody_flat,385.0,-23.846478507633616,450749975.97522116,d;p
4He_p_p_2d_390.0MeV.out,he4_p_p_2d,multi_body,multibody_flat,390.0,-23.846478507633616,439262829.7668158,d;p
4He_p_p_2d_395.0MeV.out,he4_p_p_2d,multi_body,multibody_flat,395.0,-23.846478507633616,428211056.9030998,d;p
4He_p_p_2d_40.0MeV.out,he4_p_p_2d,multi_body,multibody_flat,40.0,-23.846478507633616,41760890481.207214,d;p
4He_p_p_2d_400.0MeV.out,he4_p_p_2d,multi_body,multibody_flat,400.0,-23.846478507633616,417570735.759918,d;p
4He_p_p_2d_45.0MeV.out,he4_p_p_2d,multi_body,multibody_flat,45.0,-23.846478507633616,32996495504.04227,d;p
4He_p_p_2d_5.0MeV.out,he4_p_p_2d,multi_body,multibody_flat,5.0,-23.846478507633616,2672712254153.871,d;p
4He_p_p_2d_50.0MeV.out,he4_p_p_2d,multi_body,multibody_flat,50.0,-23.846478507633616,26727123152.713642,d;p
4He_p_p_2d_55.0MeV.out,he4_p_p_2d,multi_body,multibody_flat,55.0,-23.846478507633616,22088246893.229992,d;p
4He_p_p_2d_60.0MeV.out,he4_p_p_2d,multi_body,multibody_flat,60.0,-23.846478507633616,18560289628.38658,d;p
4He_p_p_2d_65.0MeV.out,he4_p_p_2d,multi_body,multibody_flat,65.0,-23.846478507633616,15814568608.072664,d;p
4He_p_p_2d_70.0MeV.out,he4_p_p_2d,multi_body,multibody_flat,70.0,-23.846478507633616,13636267886.372364,d;p
4He_p_p_2d_75.0MeV.out,he4_p_p_2d,multi_body,multibody_flat,75.0,-23.846478507633616,11878508854.763765,d;p
4He_p_p_2d_80.0MeV.out,he4_p_p_2d,multi_body,multibody_flat,80.0,-23.846478507633616,10440342370.799965,d;p
4He_p_p_2d_85.0MeV.out,he4_p_p_2d,multi_body,multibody_flat,85.0,-23.846478507633616,9248089914.096245,d;p
4He_p_p_2d_90.0MeV.out,he4_p_p_2d,multi_body,multibody_flat,90.0,-23.846478507633616,8249123969.500779,d;p
4He_p_p_2d_95.0MeV.out,he4_p_p_2d,multi_body,multibody_flat,95.0,-23.846478507633616,7403734684.544547,d;p
